run_id,model_type,delta_pose,freeze_ordering,train_pose_only,batch_size,lr,epochs,best_val_loss,ordering_acc,translation_error,rotation_error,bspline_loss,spline_lateral_loss,delta_pose_t_loss,delta_pose_rot_loss,root_anchor_t_loss,root_anchor_rot_loss,pretrain,eval_total_loss,eval_ordering_acc,eval_translation_mean,eval_rotation_mean,eval_bspline_fit,eval_bspline_smooth,eval_delta_t,eval_delta_r,eval_s_monotonic,eval_s_spearman
2026-01-12_12-49-10,,,,,,,,,,,,,,,,,,,,,,,,,,,,
2026-01-12_12-55-28,,,,,,,,,,,,,,,,,,,,,,,,,,,,
2026-01-12_12-57-11,,,,,,,,,,,,,,,,,,,,,,,,,,,,
2026-01-12_12-59-27,,,,,,,,,,,,,,,,,,,,,,,,,,,,
2026-01-12_13-25-01,,,,,,,,,,,,,,,,,,,,,,,,,,,,
2026-01-12_13-27-51,,,,,,,,,,,,,,,,,,,,,,,,,,,,
2026-01-12_13-29-59,,,,,,,,,,,,,,,,,,,,,,,,,,,,
2026-01-12_13-31-50,,,,,,,,,,,,,,,,,,,,,,,,,,,,
2026-01-12_13-38-26,,,,,32,0.0001,128,0.9987,,,,,,,,,,,,,,,,,,,,
2026-01-12_16-19-27,,,,,32,0.0001,128,,,,,,,,,,,,,,,,,,,,,
2026-01-12_16-20-01,,,,,32,0.0001,256,0.9987,,,,,,,,,,,,,,,,,,,,
2026-01-12_16-34-14,spinal_field,True,,,32,0.0001,256,1.2032,,,,,,,,,,,,,,,,,,,,
2026-01-12_21-06-09,spinal_field,True,,,32,0.0001,256,,,,,,,,,,,,,,,,,,,,,
2026-01-12_21-07-15,spinal_field,True,,,32,0.0001,512,0.0335,,,,,,,,,,,,,,,,,,,,
2026-01-15_10-24-32,baseline,,,,32,0.0001,512,27668.5781,,,,,,,,,,,,,,,,,,,,
2026-01-15_11-08-03,baseline,,,,32,0.0001,512,18697.5234,,,,,,,,,,,,,,,,,,,,
2026-01-15_13-29-25,spinal_field,True,,,32,0.0001,512,27687.3633,,,,,,,,,,,,,,,,,,,,
2026-01-15_13-32-13,spinal_field,True,,,32,0.0001,512,,,,,,,,,,,,,,,,,,,,,
2026-01-15_13-32-44,spinal_field,True,,,32,0.0001,512,18721.0742,,,,,,,,,,,,,,,,,,,,
2026-01-15_16-46-33,spinal_field,True,,,8,1e-05,512,0.0335,,,,,,,,,,,,,,,,,,,,
2026-01-15_16-49-01,spinal_field,True,,,8,1e-05,1024,0.0335,,,,,,,,,,,,,,,,,,,,
2026-01-15_17-00-22,spinal_field,True,,,8,1e-05,1024,,,,,,,,,,,/gscratch/scrubbed/june0604/vindr/spine_point_cloud_assembly/outputs/assembly/2026-01-12_21-07-15/best_model.pth,,,,,,,,,,
2026-01-15_17-00-39,spinal_field,True,,,8,1e-05,512,79459.9667,,,,,,,,,,/gscratch/scrubbed/june0604/vindr/spine_point_cloud_assembly/outputs/assembly/2026-01-12_21-07-15/best_model.pth,,,,,,,,,,
2026-01-15_17-03-43,spinal_field,True,True,True,8,0.0001,256,25008.1146,,,,,,,,,,/gscratch/scrubbed/june0604/vindr/spine_point_cloud_assembly/outputs/assembly/2026-01-12_21-07-15/best_model.pth,,,,,,,,,,
2026-01-15_17-05-30,spinal_field,True,True,True,8,0.0001,1024,187.9741,,,,,,,,,,/gscratch/scrubbed/june0604/vindr/spine_point_cloud_assembly/outputs/assembly/2026-01-12_21-07-15/best_model.pth,,,,,,,,,,
2026-01-16_13-14-26,baseline,,True,True,8,0.0001,1024,,,,,,,,,,,,,,,,,,,,,
2026-01-16_13-18-43,baseline,,True,True,8,0.0001,1024,,,,,,,,,,,,,,,,,,,,,
2026-01-16_13-20-44,baseline,,True,True,8,0.0001,1024,8378.4630,,,,,,,,,,,,,,,,,,,,
2026-01-16_15-28-21,spinal_field,True,True,True,8,0.0001,1024,,,,,,,,,,,/gscratch/scrubbed/june0604/vindr/spine_point_cloud_assembly/outputs/assembly/2026-01-15_17-05-30/best_model.pth,,,,,,,,,,
2026-01-16_15-31-52,spinal_field,True,True,True,8,0.0001,1024,,,,,,,,,,,/gscratch/scrubbed/june0604/vindr/spine_point_cloud_assembly/outputs/assembly/2026-01-15_17-05-30/best_model.pth,,,,,,,,,,
2026-01-16_15-37-52,spinal_field,True,True,True,8,0.0001,1024,138539.9417,,,,,,,,,,/gscratch/scrubbed/june0604/vindr/spine_point_cloud_assembly/outputs/assembly/2026-01-15_17-05-30/best_model.pth,,,,,,,,,,
2026-01-16_17-40-08,baseline,,True,True,8,0.0001,1024,8144.1333,,,,,,,,,,/gscratch/scrubbed/june0604/vindr/spine_point_cloud_assembly/outputs/assembly/2026-01-16_13-20-44/best_model.pth,,,,,,,,,,
2026-01-16_17-43-56,baseline,,True,True,8,0.0001,1024,78.2788,,,,,,,,,,/gscratch/scrubbed/june0604/vindr/spine_point_cloud_assembly/outputs/assembly/2026-01-15_17-05-30/best_model.pth,261.5821075439453,0.9825227963525835,13.438738822937012,0.08156467229127884,,,,,,
2026-01-16_20-49-01,spinal_field,True,True,True,8,0.0001,1024,138566.2417,,,,,,,,,,/gscratch/scrubbed/june0604/vindr/spine_point_cloud_assembly/outputs/assembly/2026-01-15_17-05-30/best_model.pth,,,,,,,,,,
2026-01-16_22-57-41,spinal_field,True,True,True,8,5e-05,200,27789.2125,,,,,,,,,,/gscratch/scrubbed/june0604/vindr/spine_point_cloud_assembly/outputs/assembly/2026-01-16_20-49-01/best_model.pth,180.3827304840088,0.9946808510638298,11.129548072814941,0.08156467974185944,,,,,,
2026-01-17_00-21-47,spinal_field,True,True,True,8,5e-05,200,,,,,,,,,,,/gscratch/scrubbed/june0604/vindr/spine_point_cloud_assembly/outputs/assembly/2026-01-16_20-49-01/best_model.pth,,,,,,,,,,
2026-01-17_00-23-53,spinal_field,True,True,True,8,5e-05,200,27797.5854,,,,,,,,,,/gscratch/scrubbed/june0604/vindr/spine_point_cloud_assembly/outputs/assembly/2026-01-16_20-49-01/best_model.pth,,,,,,,,,,
2026-01-17_00-25-36,spinal_field,True,True,True,8,5e-05,512,27789.2354,,,,,,,,,,/gscratch/scrubbed/june0604/vindr/spine_point_cloud_assembly/outputs/assembly/2026-01-16_20-49-01/best_model.pth,178.84180450439453,0.9946808510638298,11.078445434570312,0.08156467974185944,,,,,,
2026-01-17_19-04-57,spinal_field,True,True,True,8,5e-05,512,2857.8755,,,,,,,,,,/gscratch/scrubbed/june0604/vindr/spine_point_cloud_assembly/outputs/assembly/2026-01-16_20-49-01/best_model.pth,180.33123016357422,0.9946808510638298,11.101271629333496,0.08156467229127884,,,,,,
2026-01-18_00-02-21,spinal_field,True,True,True,8,5e-05,512,,,,,,,,,,,/gscratch/scrubbed/june0604/vindr/spine_point_cloud_assembly/outputs/assembly/2026-01-16_20-49-01/best_model.pth,,,,,,,,,,
2026-01-18_00-03-20,spinal_field,True,True,True,8,5e-05,512,3643.4719,,,,,,,,,,/gscratch/scrubbed/june0604/vindr/spine_point_cloud_assembly/outputs/assembly/2026-01-16_20-49-01/best_model.pth,,,,,,,,,,
2026-01-18_10-53-43,spinal_field,True,True,True,8,5e-05,512,3543.4648,,,,,,,,,,/gscratch/scrubbed/june0604/vindr/spine_point_cloud_assembly/outputs/assembly/2026-01-18_00-03-20/best_model.pth,,,,,,,,,,
2026-01-18_12-59-18,spinal_field,True,True,True,8,5e-05,512,3928.7260,,,,,,,,,,/gscratch/scrubbed/june0604/vindr/spine_point_cloud_assembly/outputs/assembly/2026-01-18_00-03-20/best_model.pth,,,,,,,,,,
2026-01-18_15-41-22,spinal_field,True,True,True,8,5e-05,512,4041.3953,,,,,,,,,,/gscratch/scrubbed/june0604/vindr/spine_point_cloud_assembly/outputs/assembly/2026-01-18_12-59-18/best_model.pth,,,,,,,,,,
2026-01-18_17-57-48,spinal_field,True,True,True,8,5e-05,512,8249.3047,,,,,,,,,,/gscratch/scrubbed/june0604/vindr/spine_point_cloud_assembly/outputs/assembly/2026-01-18_12-59-18/best_model.pth,,,,,,,,,,
2026-01-18_21-06-08,spinal_field,True,True,True,8,5e-05,512,5569.6479,,,,,,,,,,/gscratch/scrubbed/june0604/vindr/spine_point_cloud_assembly/outputs/assembly/2026-01-18_17-57-48/best_model.pth,,,,,,,,,,
2026-01-18_22-26-36,spinal_field,True,True,True,8,5e-05,512,23195.7792,,,,,,,,,,/gscratch/scrubbed/june0604/vindr/spine_point_cloud_assembly/outputs/assembly/2026-01-18_21-06-08/best_model.pth,3327.536865234375,0.9946808510638298,45.25434494018555,19.00362777709961,,,,,,
2026-01-19_11-25-46,spinal_field,True,True,True,8,5e-05,512,41421.1417,,,,,,,,,,/gscratch/scrubbed/june0604/vindr/spine_point_cloud_assembly/outputs/assembly/2026-01-18_21-06-08/best_model.pth,,,,,,,,,,
2026-01-19_16-21-15,spinal_field,True,True,True,8,5e-05,512,93481.4583,,,,,,,,,,/gscratch/scrubbed/june0604/vindr/spine_point_cloud_assembly/outputs/assembly/2026-01-18_21-06-08/best_model.pth,,,,,,,,,,
2026-01-19_22-51-42,spinal_field,True,True,True,8,5e-05,512,58448.2333,,,,,,,,,,/gscratch/scrubbed/june0604/vindr/spine_point_cloud_assembly/outputs/assembly/2026-01-18_21-06-08/best_model.pth,,,,,,,,,,
2026-01-20_11-29-33,spinal_field,True,True,True,8,5e-05,512,59839.2500,,,,,,,,,,/gscratch/scrubbed/june0604/vindr/spine_point_cloud_assembly/outputs/assembly/2026-01-18_21-06-08/best_model.pth,,,,,,,,,,
centerline_pretrain/2026-01-17_21-32-05,spinal_field,True,True,True,8,5e-05,512,14021.6646,,,,,,,,,,/gscratch/scrubbed/june0604/vindr/spine_point_cloud_assembly/outputs/assembly/2026-01-16_20-49-01/best_model.pth,177.09785842895508,0.9946808510638298,11.06706428527832,0.08156467229127884,,,,,,
